material,temperature_K,seed,k_row,loss_500fs_start_frame,loss_500fs_right_censored
DAP-2,1666,26083101,0,1470,False
DAP-2,1666,26083101,1,2610,False
DAP-2,1666,26083101,2,1930,False
DAP-2,1666,26083101,3,2160,False
DAP-2,1666,26083101,4,1860,False
DAP-2,1666,26083101,5,1400,False
DAP-2,1666,26083101,6,1480,False
DAP-2,1666,26083101,7,2590,False
DAP-2,1666,26083101,8,2390,False
DAP-2,1666,26083101,9,2570,False
DAP-2,1666,26083101,10,2290,False
DAP-2,1666,26083101,11,1950,False
DAP-2,1666,26083101,12,1680,False
DAP-2,1666,26083101,13,2370,False
DAP-2,1666,26083101,14,1270,False
DAP-2,1666,26083101,15,2540,False
DAP-2,1666,26083101,16,2390,False
DAP-2,1666,26083101,17,2000,False
DAP-2,1666,26083101,18,1750,False
DAP-2,1666,26083101,19,2680,False
DAP-2,1666,26083101,20,1080,False
DAP-2,1666,26083101,21,1690,False
DAP-2,1666,26083101,22,950,False
DAP-2,1666,26083101,23,1810,False
DAP-2,1666,26083101,24,2960,False
DAP-2,1666,26083101,25,2300,False
DAP-2,1666,26083101,26,1710,False
DAP-2,1666,26083101,27,3530,False
DAP-2,1666,26083101,28,2440,False
DAP-2,1666,26083101,29,2050,False
DAP-2,1666,26083101,30,2870,False
DAP-2,1666,26083101,31,2780,False
DAP-2,1666,26083101,32,1980,False
DAP-2,1666,26083101,33,1820,False
DAP-2,1666,26083101,34,3700,False
DAP-2,1666,26083101,35,3430,False
DAP-2,1666,26083101,36,2870,False
DAP-2,1666,26083101,37,4300,False
DAP-2,1666,26083101,38,2850,False
DAP-2,1666,26083101,39,1960,False
DAP-2,1666,26083101,40,2190,False
DAP-2,1666,26083101,41,2120,False
DAP-2,1666,26083101,42,2430,False
DAP-2,1666,26083101,43,1840,False
DAP-2,1666,26083101,44,2270,False
DAP-2,1666,26083101,45,2020,False
DAP-2,1666,26083101,46,1840,False
DAP-2,1666,26083101,47,2540,False
DAP-2,1666,26083101,48,1880,False
DAP-2,1666,26083101,49,2200,False
DAP-2,1666,26083101,50,2830,False
DAP-2,1666,26083101,51,2540,False
DAP-2,1666,26083101,52,2610,False
DAP-2,1666,26083101,53,2950,False
DAP-2,1666,26083101,54,2580,False
DAP-2,1666,26083101,55,2760,False
DAP-2,1666,26083101,56,1060,False
DAP-2,1666,26083101,57,1780,False
DAP-2,1666,26083101,58,1910,False
DAP-2,1666,26083101,59,2200,False
DAP-2,1666,26083101,60,1790,False
DAP-2,1666,26083101,61,2350,False
DAP-2,1666,26083101,62,2090,False
DAP-2,1666,26083101,63,2160,False
DAP-2,1666,26083101,64,3170,False
DAP-2,1666,26083101,65,1740,False
DAP-2,1666,26083101,66,2400,False
DAP-2,1666,26083101,67,3230,False
DAP-2,1666,26083101,68,3340,False
DAP-2,1666,26083101,69,2800,False
DAP-2,1666,26083101,70,2770,False
DAP-2,1666,26083101,71,3040,False
DAP-2,1666,26083101,72,3070,False
DAP-2,1666,26083101,73,3310,False
DAP-2,1666,26083101,74,2100,False
DAP-2,1666,26083101,75,2110,False
DAP-2,1666,26083101,76,2270,False
DAP-2,1666,26083101,77,2020,False
DAP-2,1666,26083101,78,2820,False
DAP-2,1666,26083101,79,2870,False
DAP-2,1666,26083101,80,2980,False
DAP-2,1666,26083101,81,2210,False
DAP-2,1666,26083101,82,3260,False
DAP-2,1666,26083101,83,2670,False
DAP-2,1666,26083101,84,2980,False
DAP-2,1666,26083101,85,2980,False
DAP-2,1666,26083101,86,2600,False
DAP-2,1666,26083101,87,3210,False
DAP-2,1666,26083101,88,2330,False
DAP-2,1666,26083101,89,3490,False
DAP-2,1666,26083101,90,1950,False
DAP-2,1666,26083101,91,2290,False
DAP-2,1666,26083101,92,2950,False
DAP-2,1666,26083101,93,1810,False
DAP-2,1666,26083101,94,2320,False
DAP-2,1666,26083101,95,3150,False
DAP-2,1666,26083101,96,2170,False
DAP-2,1666,26083101,97,2830,False
DAP-2,1666,26083101,98,2960,False
DAP-2,1666,26083101,99,2340,False
DAP-2,1666,26083101,100,3960,False
DAP-2,1666,26083101,101,2250,False
DAP-2,1666,26083101,102,2120,False
DAP-2,1666,26083101,103,2840,False
DAP-2,1666,26083101,104,1390,False
DAP-2,1666,26083101,105,2080,False
DAP-2,1666,26083101,106,1670,False
DAP-2,1666,26083101,107,1790,False
DAP-2,1666,26083101,108,1510,False
DAP-2,1666,26083101,109,2410,False
DAP-2,1666,26083101,110,1240,False
DAP-2,1666,26083101,111,1930,False
DAP-2,1666,26083101,112,2650,False
DAP-2,1666,26083101,113,2010,False
DAP-2,1666,26083101,114,2780,False
DAP-2,1666,26083101,115,2020,False
DAP-2,1666,26083101,116,2130,False
DAP-2,1666,26083101,117,3130,False
DAP-2,1666,26083101,118,2280,False
DAP-2,1666,26083101,119,2470,False
DAP-2,1666,26083101,120,2540,False
DAP-2,1666,26083101,121,1620,False
DAP-2,1666,26083101,122,1660,False
DAP-2,1666,26083101,123,2320,False
DAP-2,1666,26083101,124,1970,False
DAP-2,1666,26083101,125,1690,False
DAP-2,1666,26083101,126,1870,False
DAP-2,1666,26083101,127,1750,False
DAP-2,1666,26083101,128,2790,False
DAP-2,1666,26083101,129,2140,False
DAP-2,1666,26083101,130,2020,False
DAP-2,1666,26083101,131,2760,False
DAP-2,1666,26083101,132,2010,False
DAP-2,1666,26083101,133,1410,False
DAP-2,1666,26083101,134,2950,False
DAP-2,1666,26083101,135,2400,False
DAP-2,1666,26083101,136,2130,False
DAP-2,1666,26083101,137,2150,False
DAP-2,1666,26083101,138,1260,False
DAP-2,1666,26083101,139,2460,False
DAP-2,1666,26083101,140,2130,False
DAP-2,1666,26083101,141,1240,False
DAP-2,1666,26083101,142,2080,False
DAP-2,1666,26083101,143,2060,False
DAP-2,1666,26083101,144,1960,False
DAP-2,1666,26083101,145,2030,False
DAP-2,1666,26083101,146,2840,False
DAP-2,1666,26083101,147,2110,False
DAP-2,1666,26083101,148,2470,False
DAP-2,1666,26083101,149,2520,False
DAP-2,1666,26083101,150,2550,False
DAP-2,1666,26083101,151,2480,False
DAP-2,1666,26083101,152,1620,False
DAP-2,1666,26083101,153,2010,False
DAP-2,1666,26083101,154,2360,False
DAP-2,1666,26083101,155,2570,False
DAP-2,1666,26083101,156,2530,False
DAP-2,1666,26083101,157,2700,False
DAP-2,1666,26083101,158,1960,False
DAP-2,1666,26083101,159,2060,False
DAP-2,1666,26083101,160,2740,False
DAP-2,1666,26083101,161,2280,False
DAP-2,1666,26083101,162,2420,False
DAP-2,1666,26083101,163,1940,False
DAP-2,1666,26083101,164,2820,False
DAP-2,1666,26083101,165,2830,False
DAP-2,1666,26083101,166,2160,False
DAP-2,1666,26083101,167,2000,False
DAP-2,1666,26083101,168,1810,False
DAP-2,1666,26083101,169,1910,False
DAP-2,1666,26083101,170,1770,False
DAP-2,1666,26083101,171,2380,False
DAP-2,1666,26083101,172,1480,False
DAP-2,1666,26083101,173,2680,False
DAP-2,1666,26083101,174,2140,False
DAP-2,1666,26083101,175,580,False
DAP-2,1666,26083101,176,2670,False
DAP-2,1666,26083101,177,2770,False
DAP-2,1666,26083101,178,2410,False
DAP-2,1666,26083101,179,2030,False
DAP-2,1666,26083101,180,2040,False
DAP-2,1666,26083101,181,2060,False
DAP-2,1666,26083101,182,2880,False
DAP-2,1666,26083101,183,1980,False
DAP-2,1666,26083101,184,1980,False
DAP-2,1666,26083101,185,2270,False
DAP-2,1666,26083101,186,1020,False
DAP-2,1666,26083101,187,1570,False
DAP-2,1666,26083101,188,1810,False
DAP-2,1666,26083101,189,2130,False
DAP-2,1666,26083101,190,1050,False
DAP-2,1666,26083101,191,2070,False
DAP-2,1666,26083102,0,2180,False
DAP-2,1666,26083102,1,2590,False
DAP-2,1666,26083102,2,3240,False
DAP-2,1666,26083102,3,2550,False
DAP-2,1666,26083102,4,2750,False
DAP-2,1666,26083102,5,1850,False
DAP-2,1666,26083102,6,2920,False
DAP-2,1666,26083102,7,3560,False
DAP-2,1666,26083102,8,1800,False
DAP-2,1666,26083102,9,2530,False
DAP-2,1666,26083102,10,2940,False
DAP-2,1666,26083102,11,3040,False
DAP-2,1666,26083102,12,3940,False
DAP-2,1666,26083102,13,2560,False
DAP-2,1666,26083102,14,3330,False
DAP-2,1666,26083102,15,3300,False
DAP-2,1666,26083102,16,1770,False
DAP-2,1666,26083102,17,1840,False
DAP-2,1666,26083102,18,2660,False
DAP-2,1666,26083102,19,2210,False
DAP-2,1666,26083102,20,1880,False
DAP-2,1666,26083102,21,2030,False
DAP-2,1666,26083102,22,2170,False
DAP-2,1666,26083102,23,30,False
DAP-2,1666,26083102,24,2150,False
DAP-2,1666,26083102,25,2870,False
DAP-2,1666,26083102,26,2770,False
DAP-2,1666,26083102,27,2170,False
DAP-2,1666,26083102,28,3110,False
DAP-2,1666,26083102,29,2970,False
DAP-2,1666,26083102,30,1700,False
DAP-2,1666,26083102,31,2540,False
DAP-2,1666,26083102,32,2330,False
DAP-2,1666,26083102,33,2660,False
DAP-2,1666,26083102,34,2250,False
DAP-2,1666,26083102,35,2080,False
DAP-2,1666,26083102,36,1890,False
DAP-2,1666,26083102,37,1980,False
DAP-2,1666,26083102,38,2080,False
DAP-2,1666,26083102,39,2120,False
DAP-2,1666,26083102,40,2540,False
DAP-2,1666,26083102,41,2770,False
DAP-2,1666,26083102,42,1430,False
DAP-2,1666,26083102,43,2020,False
DAP-2,1666,26083102,44,1890,False
DAP-2,1666,26083102,45,1910,False
DAP-2,1666,26083102,46,1950,False
DAP-2,1666,26083102,47,1940,False
DAP-2,1666,26083102,48,3250,False
DAP-2,1666,26083102,49,3090,False
DAP-2,1666,26083102,50,2000,False
DAP-2,1666,26083102,51,1840,False
DAP-2,1666,26083102,52,2420,False
DAP-2,1666,26083102,53,1900,False
DAP-2,1666,26083102,54,2400,False
DAP-2,1666,26083102,55,2960,False
DAP-2,1666,26083102,56,3400,False
DAP-2,1666,26083102,57,3910,False
DAP-2,1666,26083102,58,2400,False
DAP-2,1666,26083102,59,1780,False
DAP-2,1666,26083102,60,2380,False
DAP-2,1666,26083102,61,2340,False
DAP-2,1666,26083102,62,2560,False
DAP-2,1666,26083102,63,3950,False
DAP-2,1666,26083102,64,2510,False
DAP-2,1666,26083102,65,2020,False
DAP-2,1666,26083102,66,840,False
DAP-2,1666,26083102,67,2240,False
DAP-2,1666,26083102,68,1750,False
DAP-2,1666,26083102,69,1730,False
DAP-2,1666,26083102,70,1940,False
DAP-2,1666,26083102,71,2150,False
DAP-2,1666,26083102,72,2060,False
DAP-2,1666,26083102,73,1950,False
DAP-2,1666,26083102,74,1900,False
DAP-2,1666,26083102,75,2080,False
DAP-2,1666,26083102,76,2370,False
DAP-2,1666,26083102,77,2070,False
DAP-2,1666,26083102,78,1870,False
DAP-2,1666,26083102,79,1750,False
DAP-2,1666,26083102,80,2400,False
DAP-2,1666,26083102,81,1890,False
DAP-2,1666,26083102,82,1950,False
DAP-2,1666,26083102,83,1860,False
DAP-2,1666,26083102,84,2540,False
DAP-2,1666,26083102,85,2950,False
DAP-2,1666,26083102,86,2490,False
DAP-2,1666,26083102,87,1810,False
DAP-2,1666,26083102,88,2230,False
DAP-2,1666,26083102,89,1500,False
DAP-2,1666,26083102,90,630,False
DAP-2,1666,26083102,91,1240,False
DAP-2,1666,26083102,92,2300,False
DAP-2,1666,26083102,93,850,False
DAP-2,1666,26083102,94,2700,False
DAP-2,1666,26083102,95,1880,False
DAP-2,1666,26083102,96,370,False
DAP-2,1666,26083102,97,1700,False
DAP-2,1666,26083102,98,2650,False
DAP-2,1666,26083102,99,2130,False
DAP-2,1666,26083102,100,1300,False
DAP-2,1666,26083102,101,2900,False
DAP-2,1666,26083102,102,2230,False
DAP-2,1666,26083102,103,790,False
DAP-2,1666,26083102,104,2670,False
DAP-2,1666,26083102,105,2400,False
DAP-2,1666,26083102,106,2740,False
DAP-2,1666,26083102,107,3610,False
DAP-2,1666,26083102,108,2640,False
DAP-2,1666,26083102,109,2040,False
DAP-2,1666,26083102,110,2260,False
DAP-2,1666,26083102,111,1910,False
DAP-2,1666,26083102,112,1960,False
DAP-2,1666,26083102,113,2320,False
DAP-2,1666,26083102,114,1840,False
DAP-2,1666,26083102,115,1170,False
DAP-2,1666,26083102,116,2150,False
DAP-2,1666,26083102,117,930,False
DAP-2,1666,26083102,118,890,False
DAP-2,1666,26083102,119,1910,False
DAP-2,1666,26083102,120,2280,False
DAP-2,1666,26083102,121,2360,False
DAP-2,1666,26083102,122,2280,False
DAP-2,1666,26083102,123,2200,False
DAP-2,1666,26083102,124,1600,False
DAP-2,1666,26083102,125,3010,False
DAP-2,1666,26083102,126,2910,False
DAP-2,1666,26083102,127,2790,False
DAP-2,1666,26083102,128,3430,False
DAP-2,1666,26083102,129,2180,False
DAP-2,1666,26083102,130,1580,False
DAP-2,1666,26083102,131,3170,False
DAP-2,1666,26083102,132,3310,False
DAP-2,1666,26083102,133,3780,False
DAP-2,1666,26083102,134,3470,False
DAP-2,1666,26083102,135,2790,False
DAP-2,1666,26083102,136,1750,False
DAP-2,1666,26083102,137,1820,False
DAP-2,1666,26083102,138,2770,False
DAP-2,1666,26083102,139,4020,False
DAP-2,1666,26083102,140,2180,False
DAP-2,1666,26083102,141,3430,False
DAP-2,1666,26083102,142,2980,False
DAP-2,1666,26083102,143,1550,False
DAP-2,1666,26083102,144,2840,False
DAP-2,1666,26083102,145,2720,False
DAP-2,1666,26083102,146,3020,False
DAP-2,1666,26083102,147,2400,False
DAP-2,1666,26083102,148,2540,False
DAP-2,1666,26083102,149,2410,False
DAP-2,1666,26083102,150,3050,False
DAP-2,1666,26083102,151,2760,False
DAP-2,1666,26083102,152,3370,False
DAP-2,1666,26083102,153,2520,False
DAP-2,1666,26083102,154,2870,False
DAP-2,1666,26083102,155,3490,False
DAP-2,1666,26083102,156,3520,False
DAP-2,1666,26083102,157,3770,False
DAP-2,1666,26083102,158,2110,False
DAP-2,1666,26083102,159,3020,False
DAP-2,1666,26083102,160,2470,False
DAP-2,1666,26083102,161,1160,False
DAP-2,1666,26083102,162,3040,False
DAP-2,1666,26083102,163,1800,False
DAP-2,1666,26083102,164,2620,False
DAP-2,1666,26083102,165,3330,False
DAP-2,1666,26083102,166,2840,False
DAP-2,1666,26083102,167,1890,False
DAP-2,1666,26083102,168,2180,False
DAP-2,1666,26083102,169,2740,False
DAP-2,1666,26083102,170,2280,False
DAP-2,1666,26083102,171,1500,False
DAP-2,1666,26083102,172,2420,False
DAP-2,1666,26083102,173,1890,False
DAP-2,1666,26083102,174,2630,False
DAP-2,1666,26083102,175,1830,False
DAP-2,1666,26083102,176,2520,False
DAP-2,1666,26083102,177,1850,False
DAP-2,1666,26083102,178,2340,False
DAP-2,1666,26083102,179,1760,False
DAP-2,1666,26083102,180,2860,False
DAP-2,1666,26083102,181,1810,False
DAP-2,1666,26083102,182,1100,False
DAP-2,1666,26083102,183,1900,False
DAP-2,1666,26083102,184,1110,False
DAP-2,1666,26083102,185,2040,False
DAP-2,1666,26083102,186,3370,False
DAP-2,1666,26083102,187,2800,False
DAP-2,1666,26083102,188,2000,False
DAP-2,1666,26083102,189,3020,False
DAP-2,1666,26083102,190,2960,False
DAP-2,1666,26083102,191,2850,False
DAP-2,1666,26083103,0,2010,False
DAP-2,1666,26083103,1,2990,False
DAP-2,1666,26083103,2,2800,False
DAP-2,1666,26083103,3,2210,False
DAP-2,1666,26083103,4,2870,False
DAP-2,1666,26083103,5,2150,False
DAP-2,1666,26083103,6,2140,False
DAP-2,1666,26083103,7,3260,False
DAP-2,1666,26083103,8,3640,False
DAP-2,1666,26083103,9,3230,False
DAP-2,1666,26083103,10,3470,False
DAP-2,1666,26083103,11,3200,False
DAP-2,1666,26083103,12,2760,False
DAP-2,1666,26083103,13,3330,False
DAP-2,1666,26083103,14,3480,False
DAP-2,1666,26083103,15,3710,False
DAP-2,1666,26083103,16,2460,False
DAP-2,1666,26083103,17,2180,False
DAP-2,1666,26083103,18,3190,False
DAP-2,1666,26083103,19,2770,False
DAP-2,1666,26083103,20,2970,False
DAP-2,1666,26083103,21,2920,False
DAP-2,1666,26083103,22,3200,False
DAP-2,1666,26083103,23,2730,False
DAP-2,1666,26083103,24,2770,False
DAP-2,1666,26083103,25,2740,False
DAP-2,1666,26083103,26,2680,False
DAP-2,1666,26083103,27,1220,False
DAP-2,1666,26083103,28,3230,False
DAP-2,1666,26083103,29,1720,False
DAP-2,1666,26083103,30,3700,False
DAP-2,1666,26083103,31,3380,False
DAP-2,1666,26083103,32,2360,False
DAP-2,1666,26083103,33,2440,False
DAP-2,1666,26083103,34,2580,False
DAP-2,1666,26083103,35,2560,False
DAP-2,1666,26083103,36,2580,False
DAP-2,1666,26083103,37,2510,False
DAP-2,1666,26083103,38,3270,False
DAP-2,1666,26083103,39,2740,False
DAP-2,1666,26083103,40,2550,False
DAP-2,1666,26083103,41,2470,False
DAP-2,1666,26083103,42,2820,False
DAP-2,1666,26083103,43,2790,False
DAP-2,1666,26083103,44,1880,False
DAP-2,1666,26083103,45,3400,False
DAP-2,1666,26083103,46,2200,False
DAP-2,1666,26083103,47,1970,False
DAP-2,1666,26083103,48,3710,False
DAP-2,1666,26083103,49,2180,False
DAP-2,1666,26083103,50,2820,False
DAP-2,1666,26083103,51,3100,False
DAP-2,1666,26083103,52,2820,False
DAP-2,1666,26083103,53,2850,False
DAP-2,1666,26083103,54,3310,False
DAP-2,1666,26083103,55,2340,False
DAP-2,1666,26083103,56,2920,False
DAP-2,1666,26083103,57,2800,False
DAP-2,1666,26083103,58,890,False
DAP-2,1666,26083103,59,2410,False
DAP-2,1666,26083103,60,1980,False
DAP-2,1666,26083103,61,2160,False
DAP-2,1666,26083103,62,2200,False
DAP-2,1666,26083103,63,2920,False
DAP-2,1666,26083103,64,1140,False
DAP-2,1666,26083103,65,2240,False
DAP-2,1666,26083103,66,1310,False
DAP-2,1666,26083103,67,1260,False
DAP-2,1666,26083103,68,1470,False
DAP-2,1666,26083103,69,1650,False
DAP-2,1666,26083103,70,1260,False
DAP-2,1666,26083103,71,1200,False
DAP-2,1666,26083103,72,2810,False
DAP-2,1666,26083103,73,3290,False
DAP-2,1666,26083103,74,1700,False
DAP-2,1666,26083103,75,3210,False
DAP-2,1666,26083103,76,3090,False
DAP-2,1666,26083103,77,2170,False
DAP-2,1666,26083103,78,2640,False
DAP-2,1666,26083103,79,3270,False
DAP-2,1666,26083103,80,1050,False
DAP-2,1666,26083103,81,2930,False
DAP-2,1666,26083103,82,2240,False
DAP-2,1666,26083103,83,2240,False
DAP-2,1666,26083103,84,2930,False
DAP-2,1666,26083103,85,2100,False
DAP-2,1666,26083103,86,1090,False
DAP-2,1666,26083103,87,2240,False
DAP-2,1666,26083103,88,2810,False
DAP-2,1666,26083103,89,1790,False
DAP-2,1666,26083103,90,150,False
DAP-2,1666,26083103,91,2130,False
DAP-2,1666,26083103,92,2290,False
DAP-2,1666,26083103,93,2620,False
DAP-2,1666,26083103,94,2640,False
DAP-2,1666,26083103,95,3080,False
DAP-2,1666,26083103,96,1920,False
DAP-2,1666,26083103,97,2560,False
DAP-2,1666,26083103,98,1640,False
DAP-2,1666,26083103,99,3100,False
DAP-2,1666,26083103,100,2370,False
DAP-2,1666,26083103,101,1560,False
DAP-2,1666,26083103,102,1410,False
DAP-2,1666,26083103,103,2560,False
DAP-2,1666,26083103,104,1710,False
DAP-2,1666,26083103,105,2090,False
DAP-2,1666,26083103,106,2820,False
DAP-2,1666,26083103,107,2530,False
DAP-2,1666,26083103,108,2620,False
DAP-2,1666,26083103,109,2750,False
DAP-2,1666,26083103,110,2720,False
DAP-2,1666,26083103,111,2530,False
DAP-2,1666,26083103,112,2240,False
DAP-2,1666,26083103,113,3680,False
DAP-2,1666,26083103,114,2730,False
DAP-2,1666,26083103,115,1850,False
DAP-2,1666,26083103,116,2490,False
DAP-2,1666,26083103,117,2410,False
DAP-2,1666,26083103,118,2330,False
DAP-2,1666,26083103,119,3520,False
DAP-2,1666,26083103,120,2320,False
DAP-2,1666,26083103,121,2220,False
DAP-2,1666,26083103,122,2100,False
DAP-2,1666,26083103,123,1960,False
DAP-2,1666,26083103,124,2070,False
DAP-2,1666,26083103,125,2480,False
DAP-2,1666,26083103,126,1460,False
DAP-2,1666,26083103,127,2530,False
DAP-2,1666,26083103,128,2550,False
DAP-2,1666,26083103,129,1160,False
DAP-2,1666,26083103,130,1770,False
DAP-2,1666,26083103,131,2300,False
DAP-2,1666,26083103,132,1960,False
DAP-2,1666,26083103,133,2780,False
DAP-2,1666,26083103,134,2050,False
DAP-2,1666,26083103,135,1260,False
DAP-2,1666,26083103,136,2380,False
DAP-2,1666,26083103,137,2710,False
DAP-2,1666,26083103,138,3540,False
DAP-2,1666,26083103,139,3610,False
DAP-2,1666,26083103,140,3360,False
DAP-2,1666,26083103,141,3330,False
DAP-2,1666,26083103,142,2240,False
DAP-2,1666,26083103,143,2590,False
DAP-2,1666,26083103,144,2950,False
DAP-2,1666,26083103,145,2340,False
DAP-2,1666,26083103,146,2330,False
DAP-2,1666,26083103,147,2730,False
DAP-2,1666,26083103,148,2700,False
DAP-2,1666,26083103,149,2440,False
DAP-2,1666,26083103,150,2870,False
DAP-2,1666,26083103,151,1570,False
DAP-2,1666,26083103,152,2970,False
DAP-2,1666,26083103,153,2600,False
DAP-2,1666,26083103,154,3310,False
DAP-2,1666,26083103,155,3180,False
DAP-2,1666,26083103,156,2710,False
DAP-2,1666,26083103,157,3480,False
DAP-2,1666,26083103,158,2910,False
DAP-2,1666,26083103,159,2770,False
DAP-2,1666,26083103,160,2380,False
DAP-2,1666,26083103,161,1930,False
DAP-2,1666,26083103,162,3020,False
DAP-2,1666,26083103,163,3090,False
DAP-2,1666,26083103,164,3340,False
DAP-2,1666,26083103,165,3290,False
DAP-2,1666,26083103,166,2680,False
DAP-2,1666,26083103,167,2000,False
DAP-2,1666,26083103,168,2500,False
DAP-2,1666,26083103,169,1910,False
DAP-2,1666,26083103,170,2680,False
DAP-2,1666,26083103,171,1870,False
DAP-2,1666,26083103,172,2510,False
DAP-2,1666,26083103,173,2880,False
DAP-2,1666,26083103,174,2850,False
DAP-2,1666,26083103,175,1350,False
DAP-2,1666,26083103,176,2280,False
DAP-2,1666,26083103,177,2420,False
DAP-2,1666,26083103,178,2810,False
DAP-2,1666,26083103,179,2320,False
DAP-2,1666,26083103,180,2270,False
DAP-2,1666,26083103,181,2890,False
DAP-2,1666,26083103,182,2420,False
DAP-2,1666,26083103,183,1510,False
DAP-2,1666,26083103,184,2310,False
DAP-2,1666,26083103,185,1860,False
DAP-2,1666,26083103,186,2670,False
DAP-2,1666,26083103,187,2900,False
DAP-2,1666,26083103,188,1860,False
DAP-2,1666,26083103,189,1790,False
DAP-2,1666,26083103,190,2720,False
DAP-2,1666,26083103,191,1990,False
PAP-2,1666,26083101,0,1720,False
PAP-2,1666,26083101,1,1520,False
PAP-2,1666,26083101,2,1550,False
PAP-2,1666,26083101,3,600,False
PAP-2,1666,26083101,4,930,False
PAP-2,1666,26083101,5,2070,False
PAP-2,1666,26083101,6,1610,False
PAP-2,1666,26083101,7,650,False
PAP-2,1666,26083101,8,1490,False
PAP-2,1666,26083101,9,1610,False
PAP-2,1666,26083101,10,1280,False
PAP-2,1666,26083101,11,1290,False
PAP-2,1666,26083101,12,2580,False
PAP-2,1666,26083101,13,1480,False
PAP-2,1666,26083101,14,1400,False
PAP-2,1666,26083101,15,1390,False
PAP-2,1666,26083101,16,1440,False
PAP-2,1666,26083101,17,670,False
PAP-2,1666,26083101,18,840,False
PAP-2,1666,26083101,19,1770,False
PAP-2,1666,26083101,20,1440,False
PAP-2,1666,26083101,21,1040,False
PAP-2,1666,26083101,22,960,False
PAP-2,1666,26083101,23,660,False
PAP-2,1666,26083101,24,1120,False
PAP-2,1666,26083101,25,1340,False
PAP-2,1666,26083101,26,1720,False
PAP-2,1666,26083101,27,1170,False
PAP-2,1666,26083101,28,1220,False
PAP-2,1666,26083101,29,1630,False
PAP-2,1666,26083101,30,1610,False
PAP-2,1666,26083101,31,1660,False
PAP-2,1666,26083101,32,1850,False
PAP-2,1666,26083101,33,1570,False
PAP-2,1666,26083101,34,1710,False
PAP-2,1666,26083101,35,1690,False
PAP-2,1666,26083101,36,2160,False
PAP-2,1666,26083101,37,180,False
PAP-2,1666,26083101,38,1820,False
PAP-2,1666,26083101,39,1910,False
PAP-2,1666,26083101,40,1680,False
PAP-2,1666,26083101,41,1200,False
PAP-2,1666,26083101,42,1550,False
PAP-2,1666,26083101,43,1750,False
PAP-2,1666,26083101,44,2230,False
PAP-2,1666,26083101,45,970,False
PAP-2,1666,26083101,46,1530,False
PAP-2,1666,26083101,47,1390,False
PAP-2,1666,26083101,48,1570,False
PAP-2,1666,26083101,49,390,False
PAP-2,1666,26083101,50,1180,False
PAP-2,1666,26083101,51,890,False
PAP-2,1666,26083101,52,1100,False
PAP-2,1666,26083101,53,1060,False
PAP-2,1666,26083101,54,820,False
PAP-2,1666,26083101,55,1180,False
PAP-2,1666,26083101,56,1270,False
PAP-2,1666,26083101,57,1180,False
PAP-2,1666,26083101,58,1600,False
PAP-2,1666,26083101,59,1330,False
PAP-2,1666,26083101,60,1370,False
PAP-2,1666,26083101,61,1570,False
PAP-2,1666,26083101,62,1750,False
PAP-2,1666,26083101,63,1660,False
PAP-2,1666,26083101,64,1480,False
PAP-2,1666,26083101,65,970,False
PAP-2,1666,26083101,66,890,False
PAP-2,1666,26083101,67,1390,False
PAP-2,1666,26083101,68,1390,False
PAP-2,1666,26083101,69,200,False
PAP-2,1666,26083101,70,1310,False
PAP-2,1666,26083101,71,830,False
PAP-2,1666,26083101,72,690,False
PAP-2,1666,26083101,73,1560,False
PAP-2,1666,26083101,74,1610,False
PAP-2,1666,26083101,75,830,False
PAP-2,1666,26083101,76,270,False
PAP-2,1666,26083101,77,710,False
PAP-2,1666,26083101,78,1930,False
PAP-2,1666,26083101,79,1790,False
PAP-2,1666,26083101,80,890,False
PAP-2,1666,26083101,81,1370,False
PAP-2,1666,26083101,82,900,False
PAP-2,1666,26083101,83,1390,False
PAP-2,1666,26083101,84,1310,False
PAP-2,1666,26083101,85,1730,False
PAP-2,1666,26083101,86,1240,False
PAP-2,1666,26083101,87,1130,False
PAP-2,1666,26083101,88,1600,False
PAP-2,1666,26083101,89,1040,False
PAP-2,1666,26083101,90,1010,False
PAP-2,1666,26083101,91,1550,False
PAP-2,1666,26083101,92,1870,False
PAP-2,1666,26083101,93,1510,False
PAP-2,1666,26083101,94,1290,False
PAP-2,1666,26083101,95,1130,False
PAP-2,1666,26083101,96,1120,False
PAP-2,1666,26083101,97,1380,False
PAP-2,1666,26083101,98,1150,False
PAP-2,1666,26083101,99,1570,False
PAP-2,1666,26083101,100,1360,False
PAP-2,1666,26083101,101,1570,False
PAP-2,1666,26083101,102,1070,False
PAP-2,1666,26083101,103,1250,False
PAP-2,1666,26083101,104,930,False
PAP-2,1666,26083101,105,2220,False
PAP-2,1666,26083101,106,1820,False
PAP-2,1666,26083101,107,1250,False
PAP-2,1666,26083101,108,1310,False
PAP-2,1666,26083101,109,1320,False
PAP-2,1666,26083101,110,1710,False
PAP-2,1666,26083101,111,1630,False
PAP-2,1666,26083101,112,1710,False
PAP-2,1666,26083101,113,1270,False
PAP-2,1666,26083101,114,1130,False
PAP-2,1666,26083101,115,690,False
PAP-2,1666,26083101,116,1480,False
PAP-2,1666,26083101,117,1480,False
PAP-2,1666,26083101,118,1840,False
PAP-2,1666,26083101,119,1340,False
PAP-2,1666,26083101,120,1110,False
PAP-2,1666,26083101,121,1070,False
PAP-2,1666,26083101,122,1200,False
PAP-2,1666,26083101,123,730,False
PAP-2,1666,26083101,124,1250,False
PAP-2,1666,26083101,125,1100,False
PAP-2,1666,26083101,126,1040,False
PAP-2,1666,26083101,127,1110,False
PAP-2,1666,26083101,128,790,False
PAP-2,1666,26083101,129,2360,False
PAP-2,1666,26083101,130,1730,False
PAP-2,1666,26083101,131,1220,False
PAP-2,1666,26083101,132,750,False
PAP-2,1666,26083101,133,830,False
PAP-2,1666,26083101,134,1580,False
PAP-2,1666,26083101,135,1180,False
PAP-2,1666,26083101,136,1100,False
PAP-2,1666,26083101,137,1840,False
PAP-2,1666,26083101,138,1400,False
PAP-2,1666,26083101,139,1560,False
PAP-2,1666,26083101,140,1320,False
PAP-2,1666,26083101,141,1370,False
PAP-2,1666,26083101,142,1250,False
PAP-2,1666,26083101,143,530,False
PAP-2,1666,26083101,144,1000,False
PAP-2,1666,26083101,145,1140,False
PAP-2,1666,26083101,146,1290,False
PAP-2,1666,26083101,147,1340,False
PAP-2,1666,26083101,148,1380,False
PAP-2,1666,26083101,149,890,False
PAP-2,1666,26083101,150,1170,False
PAP-2,1666,26083101,151,1370,False
PAP-2,1666,26083101,152,1000,False
PAP-2,1666,26083101,153,1430,False
PAP-2,1666,26083101,154,1030,False
PAP-2,1666,26083101,155,400,False
PAP-2,1666,26083101,156,1620,False
PAP-2,1666,26083101,157,1550,False
PAP-2,1666,26083101,158,990,False
PAP-2,1666,26083101,159,1400,False
PAP-2,1666,26083101,160,940,False
PAP-2,1666,26083101,161,2140,False
PAP-2,1666,26083101,162,1670,False
PAP-2,1666,26083101,163,430,False
PAP-2,1666,26083101,164,920,False
PAP-2,1666,26083101,165,1630,False
PAP-2,1666,26083101,166,1240,False
PAP-2,1666,26083101,167,2390,False
PAP-2,1666,26083101,168,820,False
PAP-2,1666,26083101,169,670,False
PAP-2,1666,26083101,170,650,False
PAP-2,1666,26083101,171,1360,False
PAP-2,1666,26083101,172,1480,False
PAP-2,1666,26083101,173,1850,False
PAP-2,1666,26083101,174,410,False
PAP-2,1666,26083101,175,570,False
PAP-2,1666,26083101,176,1380,False
PAP-2,1666,26083101,177,830,False
PAP-2,1666,26083101,178,1350,False
PAP-2,1666,26083101,179,750,False
PAP-2,1666,26083101,180,1140,False
PAP-2,1666,26083101,181,1290,False
PAP-2,1666,26083101,182,1060,False
PAP-2,1666,26083101,183,660,False
PAP-2,1666,26083101,184,1450,False
PAP-2,1666,26083101,185,1600,False
PAP-2,1666,26083101,186,2210,False
PAP-2,1666,26083101,187,1080,False
PAP-2,1666,26083101,188,1160,False
PAP-2,1666,26083101,189,950,False
PAP-2,1666,26083101,190,1290,False
PAP-2,1666,26083101,191,1070,False
PAP-2,1666,26083102,0,290,False
PAP-2,1666,26083102,1,1560,False
PAP-2,1666,26083102,2,1300,False
PAP-2,1666,26083102,3,1260,False
PAP-2,1666,26083102,4,1350,False
PAP-2,1666,26083102,5,1690,False
PAP-2,1666,26083102,6,950,False
PAP-2,1666,26083102,7,1290,False
PAP-2,1666,26083102,8,1440,False
PAP-2,1666,26083102,9,1340,False
PAP-2,1666,26083102,10,940,False
PAP-2,1666,26083102,11,1050,False
PAP-2,1666,26083102,12,1360,False
PAP-2,1666,26083102,13,1500,False
PAP-2,1666,26083102,14,1310,False
PAP-2,1666,26083102,15,800,False
PAP-2,1666,26083102,16,110,False
PAP-2,1666,26083102,17,1640,False
PAP-2,1666,26083102,18,1620,False
PAP-2,1666,26083102,19,1160,False
PAP-2,1666,26083102,20,400,False
PAP-2,1666,26083102,21,470,False
PAP-2,1666,26083102,22,1210,False
PAP-2,1666,26083102,23,1070,False
PAP-2,1666,26083102,24,700,False
PAP-2,1666,26083102,25,1410,False
PAP-2,1666,26083102,26,1470,False
PAP-2,1666,26083102,27,1080,False
PAP-2,1666,26083102,28,500,False
PAP-2,1666,26083102,29,540,False
PAP-2,1666,26083102,30,790,False
PAP-2,1666,26083102,31,1250,False
PAP-2,1666,26083102,32,1000,False
PAP-2,1666,26083102,33,1420,False
PAP-2,1666,26083102,34,1360,False
PAP-2,1666,26083102,35,1140,False
PAP-2,1666,26083102,36,1850,False
PAP-2,1666,26083102,37,1600,False
PAP-2,1666,26083102,38,950,False
PAP-2,1666,26083102,39,2280,False
PAP-2,1666,26083102,40,1020,False
PAP-2,1666,26083102,41,1460,False
PAP-2,1666,26083102,42,1480,False
PAP-2,1666,26083102,43,1220,False
PAP-2,1666,26083102,44,2010,False
PAP-2,1666,26083102,45,1000,False
PAP-2,1666,26083102,46,1050,False
PAP-2,1666,26083102,47,920,False
PAP-2,1666,26083102,48,1710,False
PAP-2,1666,26083102,49,1320,False
PAP-2,1666,26083102,50,1740,False
PAP-2,1666,26083102,51,920,False
PAP-2,1666,26083102,52,630,False
PAP-2,1666,26083102,53,1780,False
PAP-2,1666,26083102,54,1520,False
PAP-2,1666,26083102,55,900,False
PAP-2,1666,26083102,56,1620,False
PAP-2,1666,26083102,57,1800,False
PAP-2,1666,26083102,58,1860,False
PAP-2,1666,26083102,59,470,False
PAP-2,1666,26083102,60,1880,False
PAP-2,1666,26083102,61,220,False
PAP-2,1666,26083102,62,2040,False
PAP-2,1666,26083102,63,470,False
PAP-2,1666,26083102,64,1900,False
PAP-2,1666,26083102,65,1240,False
PAP-2,1666,26083102,66,1460,False
PAP-2,1666,26083102,67,880,False
PAP-2,1666,26083102,68,2030,False
PAP-2,1666,26083102,69,2470,False
PAP-2,1666,26083102,70,980,False
PAP-2,1666,26083102,71,3110,False
PAP-2,1666,26083102,72,1480,False
PAP-2,1666,26083102,73,1400,False
PAP-2,1666,26083102,74,1170,False
PAP-2,1666,26083102,75,920,False
PAP-2,1666,26083102,76,1690,False
PAP-2,1666,26083102,77,1290,False
PAP-2,1666,26083102,78,1080,False
PAP-2,1666,26083102,79,1520,False
PAP-2,1666,26083102,80,940,False
PAP-2,1666,26083102,81,1310,False
PAP-2,1666,26083102,82,1820,False
PAP-2,1666,26083102,83,1670,False
PAP-2,1666,26083102,84,1640,False
PAP-2,1666,26083102,85,30,False
PAP-2,1666,26083102,86,1010,False
PAP-2,1666,26083102,87,1500,False
PAP-2,1666,26083102,88,2430,False
PAP-2,1666,26083102,89,1650,False
PAP-2,1666,26083102,90,1410,False
PAP-2,1666,26083102,91,1910,False
PAP-2,1666,26083102,92,1840,False
PAP-2,1666,26083102,93,2080,False
PAP-2,1666,26083102,94,2990,False
PAP-2,1666,26083102,95,2130,False
PAP-2,1666,26083102,96,1790,False
PAP-2,1666,26083102,97,1780,False
PAP-2,1666,26083102,98,1750,False
PAP-2,1666,26083102,99,1850,False
PAP-2,1666,26083102,100,2200,False
PAP-2,1666,26083102,101,2120,False
PAP-2,1666,26083102,102,2940,False
PAP-2,1666,26083102,103,2740,False
PAP-2,1666,26083102,104,1700,False
PAP-2,1666,26083102,105,2250,False
PAP-2,1666,26083102,106,1870,False
PAP-2,1666,26083102,107,880,False
PAP-2,1666,26083102,108,1040,False
PAP-2,1666,26083102,109,1150,False
PAP-2,1666,26083102,110,1980,False
PAP-2,1666,26083102,111,1270,False
PAP-2,1666,26083102,112,820,False
PAP-2,1666,26083102,113,2130,False
PAP-2,1666,26083102,114,1310,False
PAP-2,1666,26083102,115,1690,False
PAP-2,1666,26083102,116,1820,False
PAP-2,1666,26083102,117,1750,False
PAP-2,1666,26083102,118,1060,False
PAP-2,1666,26083102,119,1400,False
PAP-2,1666,26083102,120,2140,False
PAP-2,1666,26083102,121,1590,False
PAP-2,1666,26083102,122,1290,False
PAP-2,1666,26083102,123,2750,False
PAP-2,1666,26083102,124,70,False
PAP-2,1666,26083102,125,1770,False
PAP-2,1666,26083102,126,2930,False
PAP-2,1666,26083102,127,80,False
PAP-2,1666,26083102,128,1730,False
PAP-2,1666,26083102,129,2180,False
PAP-2,1666,26083102,130,2080,False
PAP-2,1666,26083102,131,1660,False
PAP-2,1666,26083102,132,1520,False
PAP-2,1666,26083102,133,1520,False
PAP-2,1666,26083102,134,1760,False
PAP-2,1666,26083102,135,1520,False
PAP-2,1666,26083102,136,1770,False
PAP-2,1666,26083102,137,2130,False
PAP-2,1666,26083102,138,1870,False
PAP-2,1666,26083102,139,1790,False
PAP-2,1666,26083102,140,1560,False
PAP-2,1666,26083102,141,1410,False
PAP-2,1666,26083102,142,950,False
PAP-2,1666,26083102,143,1010,False
PAP-2,1666,26083102,144,80,False
PAP-2,1666,26083102,145,1190,False
PAP-2,1666,26083102,146,1590,False
PAP-2,1666,26083102,147,1660,False
PAP-2,1666,26083102,148,760,False
PAP-2,1666,26083102,149,1640,False
PAP-2,1666,26083102,150,1530,False
PAP-2,1666,26083102,151,1420,False
PAP-2,1666,26083102,152,1980,False
PAP-2,1666,26083102,153,1720,False
PAP-2,1666,26083102,154,1910,False
PAP-2,1666,26083102,155,2470,False
PAP-2,1666,26083102,156,1580,False
PAP-2,1666,26083102,157,1620,False
PAP-2,1666,26083102,158,2390,False
PAP-2,1666,26083102,159,20,False
PAP-2,1666,26083102,160,1360,False
PAP-2,1666,26083102,161,1690,False
PAP-2,1666,26083102,162,1850,False
PAP-2,1666,26083102,163,1260,False
PAP-2,1666,26083102,164,1630,False
PAP-2,1666,26083102,165,610,False
PAP-2,1666,26083102,166,840,False
PAP-2,1666,26083102,167,1080,False
PAP-2,1666,26083102,168,1190,False
PAP-2,1666,26083102,169,1820,False
PAP-2,1666,26083102,170,1250,False
PAP-2,1666,26083102,171,1060,False
PAP-2,1666,26083102,172,1330,False
PAP-2,1666,26083102,173,90,False
PAP-2,1666,26083102,174,1120,False
PAP-2,1666,26083102,175,160,False
PAP-2,1666,26083102,176,1460,False
PAP-2,1666,26083102,177,1510,False
PAP-2,1666,26083102,178,920,False
PAP-2,1666,26083102,179,100,False
PAP-2,1666,26083102,180,1750,False
PAP-2,1666,26083102,181,790,False
PAP-2,1666,26083102,182,1490,False
PAP-2,1666,26083102,183,1370,False
PAP-2,1666,26083102,184,920,False
PAP-2,1666,26083102,185,1460,False
PAP-2,1666,26083102,186,1720,False
PAP-2,1666,26083102,187,1300,False
PAP-2,1666,26083102,188,1680,False
PAP-2,1666,26083102,189,60,False
PAP-2,1666,26083102,190,1590,False
PAP-2,1666,26083102,191,1180,False
PAP-2,1666,26083103,0,740,False
PAP-2,1666,26083103,1,1170,False
PAP-2,1666,26083103,2,880,False
PAP-2,1666,26083103,3,1720,False
PAP-2,1666,26083103,4,1710,False
PAP-2,1666,26083103,5,1330,False
PAP-2,1666,26083103,6,960,False
PAP-2,1666,26083103,7,1040,False
PAP-2,1666,26083103,8,1570,False
PAP-2,1666,26083103,9,1430,False
PAP-2,1666,26083103,10,360,False
PAP-2,1666,26083103,11,1110,False
PAP-2,1666,26083103,12,1070,False
PAP-2,1666,26083103,13,1640,False
PAP-2,1666,26083103,14,1180,False
PAP-2,1666,26083103,15,160,False
PAP-2,1666,26083103,16,1000,False
PAP-2,1666,26083103,17,1610,False
PAP-2,1666,26083103,18,1710,False
PAP-2,1666,26083103,19,1620,False
PAP-2,1666,26083103,20,1480,False
PAP-2,1666,26083103,21,1500,False
PAP-2,1666,26083103,22,1790,False
PAP-2,1666,26083103,23,1300,False
PAP-2,1666,26083103,24,200,False
PAP-2,1666,26083103,25,870,False
PAP-2,1666,26083103,26,650,False
PAP-2,1666,26083103,27,1700,False
PAP-2,1666,26083103,28,1510,False
PAP-2,1666,26083103,29,1510,False
PAP-2,1666,26083103,30,620,False
PAP-2,1666,26083103,31,1160,False
PAP-2,1666,26083103,32,1000,False
PAP-2,1666,26083103,33,1100,False
PAP-2,1666,26083103,34,740,False
PAP-2,1666,26083103,35,720,False
PAP-2,1666,26083103,36,1700,False
PAP-2,1666,26083103,37,1790,False
PAP-2,1666,26083103,38,740,False
PAP-2,1666,26083103,39,1390,False
PAP-2,1666,26083103,40,1470,False
PAP-2,1666,26083103,41,1160,False
PAP-2,1666,26083103,42,1150,False
PAP-2,1666,26083103,43,900,False
PAP-2,1666,26083103,44,1610,False
PAP-2,1666,26083103,45,1190,False
PAP-2,1666,26083103,46,1280,False
PAP-2,1666,26083103,47,990,False
PAP-2,1666,26083103,48,1070,False
PAP-2,1666,26083103,49,920,False
PAP-2,1666,26083103,50,1400,False
PAP-2,1666,26083103,51,1510,False
PAP-2,1666,26083103,52,1300,False
PAP-2,1666,26083103,53,1210,False
PAP-2,1666,26083103,54,1280,False
PAP-2,1666,26083103,55,580,False
PAP-2,1666,26083103,56,1200,False
PAP-2,1666,26083103,57,1130,False
PAP-2,1666,26083103,58,440,False
PAP-2,1666,26083103,59,1340,False
PAP-2,1666,26083103,60,1680,False
PAP-2,1666,26083103,61,1830,False
PAP-2,1666,26083103,62,230,False
PAP-2,1666,26083103,63,1130,False
PAP-2,1666,26083103,64,1040,False
PAP-2,1666,26083103,65,1740,False
PAP-2,1666,26083103,66,1680,False
PAP-2,1666,26083103,67,1660,False
PAP-2,1666,26083103,68,1380,False
PAP-2,1666,26083103,69,1400,False
PAP-2,1666,26083103,70,990,False
PAP-2,1666,26083103,71,1530,False
PAP-2,1666,26083103,72,1540,False
PAP-2,1666,26083103,73,980,False
PAP-2,1666,26083103,74,1140,False
PAP-2,1666,26083103,75,910,False
PAP-2,1666,26083103,76,1610,False
PAP-2,1666,26083103,77,1240,False
PAP-2,1666,26083103,78,1080,False
PAP-2,1666,26083103,79,1410,False
PAP-2,1666,26083103,80,640,False
PAP-2,1666,26083103,81,1160,False
PAP-2,1666,26083103,82,1070,False
PAP-2,1666,26083103,83,1190,False
PAP-2,1666,26083103,84,1310,False
PAP-2,1666,26083103,85,1200,False
PAP-2,1666,26083103,86,1180,False
PAP-2,1666,26083103,87,1360,False
PAP-2,1666,26083103,88,1980,False
PAP-2,1666,26083103,89,1020,False
PAP-2,1666,26083103,90,1350,False
PAP-2,1666,26083103,91,1720,False
PAP-2,1666,26083103,92,1370,False
PAP-2,1666,26083103,93,1260,False
PAP-2,1666,26083103,94,1560,False
PAP-2,1666,26083103,95,1260,False
PAP-2,1666,26083103,96,1180,False
PAP-2,1666,26083103,97,1740,False
PAP-2,1666,26083103,98,1860,False
PAP-2,1666,26083103,99,1010,False
PAP-2,1666,26083103,100,1010,False
PAP-2,1666,26083103,101,1740,False
PAP-2,1666,26083103,102,1500,False
PAP-2,1666,26083103,103,1180,False
PAP-2,1666,26083103,104,970,False
PAP-2,1666,26083103,105,1340,False
PAP-2,1666,26083103,106,1560,False
PAP-2,1666,26083103,107,1450,False
PAP-2,1666,26083103,108,1720,False
PAP-2,1666,26083103,109,1880,False
PAP-2,1666,26083103,110,1380,False
PAP-2,1666,26083103,111,1480,False
PAP-2,1666,26083103,112,1320,False
PAP-2,1666,26083103,113,1250,False
PAP-2,1666,26083103,114,1450,False
PAP-2,1666,26083103,115,1450,False
PAP-2,1666,26083103,116,470,False
PAP-2,1666,26083103,117,1210,False
PAP-2,1666,26083103,118,1340,False
PAP-2,1666,26083103,119,1400,False
PAP-2,1666,26083103,120,1610,False
PAP-2,1666,26083103,121,1570,False
PAP-2,1666,26083103,122,1650,False
PAP-2,1666,26083103,123,1540,False
PAP-2,1666,26083103,124,840,False
PAP-2,1666,26083103,125,1360,False
PAP-2,1666,26083103,126,1320,False
PAP-2,1666,26083103,127,1900,False
PAP-2,1666,26083103,128,1650,False
PAP-2,1666,26083103,129,1700,False
PAP-2,1666,26083103,130,1330,False
PAP-2,1666,26083103,131,1570,False
PAP-2,1666,26083103,132,1650,False
PAP-2,1666,26083103,133,1840,False
PAP-2,1666,26083103,134,1620,False
PAP-2,1666,26083103,135,1500,False
PAP-2,1666,26083103,136,1810,False
PAP-2,1666,26083103,137,1420,False
PAP-2,1666,26083103,138,1320,False
PAP-2,1666,26083103,139,1420,False
PAP-2,1666,26083103,140,2040,False
PAP-2,1666,26083103,141,1430,False
PAP-2,1666,26083103,142,1280,False
PAP-2,1666,26083103,143,1500,False
PAP-2,1666,26083103,144,560,False
PAP-2,1666,26083103,145,2240,False
PAP-2,1666,26083103,146,1660,False
PAP-2,1666,26083103,147,1200,False
PAP-2,1666,26083103,148,1370,False
PAP-2,1666,26083103,149,540,False
PAP-2,1666,26083103,150,640,False
PAP-2,1666,26083103,151,1470,False
PAP-2,1666,26083103,152,760,False
PAP-2,1666,26083103,153,1710,False
PAP-2,1666,26083103,154,1790,False
PAP-2,1666,26083103,155,980,False
PAP-2,1666,26083103,156,1250,False
PAP-2,1666,26083103,157,1250,False
PAP-2,1666,26083103,158,1290,False
PAP-2,1666,26083103,159,720,False
PAP-2,1666,26083103,160,1360,False
PAP-2,1666,26083103,161,1230,False
PAP-2,1666,26083103,162,1250,False
PAP-2,1666,26083103,163,1710,False
PAP-2,1666,26083103,164,1830,False
PAP-2,1666,26083103,165,1800,False
PAP-2,1666,26083103,166,1530,False
PAP-2,1666,26083103,167,1200,False
PAP-2,1666,26083103,168,1660,False
PAP-2,1666,26083103,169,70,False
PAP-2,1666,26083103,170,1620,False
PAP-2,1666,26083103,171,1640,False
PAP-2,1666,26083103,172,2020,False
PAP-2,1666,26083103,173,1120,False
PAP-2,1666,26083103,174,1670,False
PAP-2,1666,26083103,175,1430,False
PAP-2,1666,26083103,176,1040,False
PAP-2,1666,26083103,177,1800,False
PAP-2,1666,26083103,178,1720,False
PAP-2,1666,26083103,179,760,False
PAP-2,1666,26083103,180,970,False
PAP-2,1666,26083103,181,1580,False
PAP-2,1666,26083103,182,1830,False
PAP-2,1666,26083103,183,2150,False
PAP-2,1666,26083103,184,590,False
PAP-2,1666,26083103,185,1010,False
PAP-2,1666,26083103,186,1510,False
PAP-2,1666,26083103,187,1530,False
PAP-2,1666,26083103,188,1260,False
PAP-2,1666,26083103,189,820,False
PAP-2,1666,26083103,190,1190,False
PAP-2,1666,26083103,191,1730,False
PAP-H2,1666,26083101,0,1790,False
PAP-H2,1666,26083101,1,1570,False
PAP-H2,1666,26083101,2,990,False
PAP-H2,1666,26083101,3,1460,False
PAP-H2,1666,26083101,4,1410,False
PAP-H2,1666,26083101,5,1720,False
PAP-H2,1666,26083101,6,1330,False
PAP-H2,1666,26083101,7,600,False
PAP-H2,1666,26083101,8,1460,False
PAP-H2,1666,26083101,9,1660,False
PAP-H2,1666,26083101,10,830,False
PAP-H2,1666,26083101,11,2190,False
PAP-H2,1666,26083101,12,1720,False
PAP-H2,1666,26083101,13,1390,False
PAP-H2,1666,26083101,14,1990,False
PAP-H2,1666,26083101,15,1290,False
PAP-H2,1666,26083101,16,1740,False
PAP-H2,1666,26083101,17,1390,False
PAP-H2,1666,26083101,18,1410,False
PAP-H2,1666,26083101,19,1860,False
PAP-H2,1666,26083101,20,1820,False
PAP-H2,1666,26083101,21,1490,False
PAP-H2,1666,26083101,22,2710,False
PAP-H2,1666,26083101,23,860,False
PAP-H2,1666,26083101,24,1760,False
PAP-H2,1666,26083101,25,1160,False
PAP-H2,1666,26083101,26,1050,False
PAP-H2,1666,26083101,27,1070,False
PAP-H2,1666,26083101,28,1190,False
PAP-H2,1666,26083101,29,2160,False
PAP-H2,1666,26083101,30,1500,False
PAP-H2,1666,26083101,31,1530,False
PAP-H2,1666,26083101,32,1220,False
PAP-H2,1666,26083101,33,1890,False
PAP-H2,1666,26083101,34,1800,False
PAP-H2,1666,26083101,35,1410,False
PAP-H2,1666,26083101,36,2720,False
PAP-H2,1666,26083101,37,1240,False
PAP-H2,1666,26083101,38,1300,False
PAP-H2,1666,26083101,39,1380,False
PAP-H2,1666,26083101,40,780,False
PAP-H2,1666,26083101,41,1130,False
PAP-H2,1666,26083101,42,730,False
PAP-H2,1666,26083101,43,830,False
PAP-H2,1666,26083101,44,800,False
PAP-H2,1666,26083101,45,1430,False
PAP-H2,1666,26083101,46,1210,False
PAP-H2,1666,26083101,47,1100,False
PAP-H2,1666,26083101,48,2210,False
PAP-H2,1666,26083101,49,2030,False
PAP-H2,1666,26083101,50,1530,False
PAP-H2,1666,26083101,51,1520,False
PAP-H2,1666,26083101,52,2130,False
PAP-H2,1666,26083101,53,2420,False
PAP-H2,1666,26083101,54,2770,False
PAP-H2,1666,26083101,55,1680,False
PAP-H2,1666,26083101,56,2200,False
PAP-H2,1666,26083101,57,1290,False
PAP-H2,1666,26083101,58,1930,False
PAP-H2,1666,26083101,59,2120,False
PAP-H2,1666,26083101,60,980,False
PAP-H2,1666,26083101,61,2230,False
PAP-H2,1666,26083101,62,1750,False
PAP-H2,1666,26083101,63,1540,False
PAP-H2,1666,26083101,64,1270,False
PAP-H2,1666,26083101,65,2240,False
PAP-H2,1666,26083101,66,1170,False
PAP-H2,1666,26083101,67,2270,False
PAP-H2,1666,26083101,68,2600,False
PAP-H2,1666,26083101,69,1400,False
PAP-H2,1666,26083101,70,1460,False
PAP-H2,1666,26083101,71,1230,False
PAP-H2,1666,26083101,72,870,False
PAP-H2,1666,26083101,73,1650,False
PAP-H2,1666,26083101,74,1260,False
PAP-H2,1666,26083101,75,910,False
PAP-H2,1666,26083101,76,1210,False
PAP-H2,1666,26083101,77,1800,False
PAP-H2,1666,26083101,78,1220,False
PAP-H2,1666,26083101,79,220,False
PAP-H2,1666,26083101,80,3140,False
PAP-H2,1666,26083101,81,1800,False
PAP-H2,1666,26083101,82,1590,False
PAP-H2,1666,26083101,83,3360,False
PAP-H2,1666,26083101,84,2150,False
PAP-H2,1666,26083101,85,2270,False
PAP-H2,1666,26083101,86,2720,False
PAP-H2,1666,26083101,87,1430,False
PAP-H2,1666,26083101,88,1940,False
PAP-H2,1666,26083101,89,1310,False
PAP-H2,1666,26083101,90,1270,False
PAP-H2,1666,26083101,91,2040,False
PAP-H2,1666,26083101,92,2160,False
PAP-H2,1666,26083101,93,1690,False
PAP-H2,1666,26083101,94,1940,False
PAP-H2,1666,26083101,95,900,False
PAP-H2,1666,26083101,96,1590,False
PAP-H2,1666,26083101,97,1950,False
PAP-H2,1666,26083101,98,1260,False
PAP-H2,1666,26083101,99,1430,False
PAP-H2,1666,26083101,100,1410,False
PAP-H2,1666,26083101,101,1320,False
PAP-H2,1666,26083101,102,2500,False
PAP-H2,1666,26083101,103,2000,False
PAP-H2,1666,26083101,104,2380,False
PAP-H2,1666,26083101,105,1170,False
PAP-H2,1666,26083101,106,1710,False
PAP-H2,1666,26083101,107,1930,False
PAP-H2,1666,26083101,108,1890,False
PAP-H2,1666,26083101,109,2000,False
PAP-H2,1666,26083101,110,1330,False
PAP-H2,1666,26083101,111,2130,False
PAP-H2,1666,26083101,112,2950,False
PAP-H2,1666,26083101,113,1510,False
PAP-H2,1666,26083101,114,1600,False
PAP-H2,1666,26083101,115,3020,False
PAP-H2,1666,26083101,116,1330,False
PAP-H2,1666,26083101,117,2090,False
PAP-H2,1666,26083101,118,1570,False
PAP-H2,1666,26083101,119,1950,False
PAP-H2,1666,26083101,120,1950,False
PAP-H2,1666,26083101,121,2110,False
PAP-H2,1666,26083101,122,1510,False
PAP-H2,1666,26083101,123,2080,False
PAP-H2,1666,26083101,124,1620,False
PAP-H2,1666,26083101,125,1870,False
PAP-H2,1666,26083101,126,2330,False
PAP-H2,1666,26083101,127,2150,False
PAP-H2,1666,26083101,128,1420,False
PAP-H2,1666,26083101,129,1810,False
PAP-H2,1666,26083101,130,1600,False
PAP-H2,1666,26083101,131,1450,False
PAP-H2,1666,26083101,132,1610,False
PAP-H2,1666,26083101,133,1400,False
PAP-H2,1666,26083101,134,1850,False
PAP-H2,1666,26083101,135,1510,False
PAP-H2,1666,26083101,136,2070,False
PAP-H2,1666,26083101,137,690,False
PAP-H2,1666,26083101,138,1500,False
PAP-H2,1666,26083101,139,30,False
PAP-H2,1666,26083101,140,1240,False
PAP-H2,1666,26083101,141,1500,False
PAP-H2,1666,26083101,142,1340,False
PAP-H2,1666,26083101,143,1240,False
PAP-H2,1666,26083101,144,1410,False
PAP-H2,1666,26083101,145,540,False
PAP-H2,1666,26083101,146,2280,False
PAP-H2,1666,26083101,147,1780,False
PAP-H2,1666,26083101,148,1100,False
PAP-H2,1666,26083101,149,1510,False
PAP-H2,1666,26083101,150,1240,False
PAP-H2,1666,26083101,151,1500,False
PAP-H2,1666,26083101,152,1280,False
PAP-H2,1666,26083101,153,1260,False
PAP-H2,1666,26083101,154,2490,False
PAP-H2,1666,26083101,155,1990,False
PAP-H2,1666,26083101,156,2010,False
PAP-H2,1666,26083101,157,880,False
PAP-H2,1666,26083101,158,1090,False
PAP-H2,1666,26083101,159,1350,False
PAP-H2,1666,26083101,160,1850,False
PAP-H2,1666,26083101,161,2030,False
PAP-H2,1666,26083101,162,1840,False
PAP-H2,1666,26083101,163,1210,False
PAP-H2,1666,26083101,164,1900,False
PAP-H2,1666,26083101,165,1690,False
PAP-H2,1666,26083101,166,1830,False
PAP-H2,1666,26083101,167,1410,False
PAP-H2,1666,26083101,168,1530,False
PAP-H2,1666,26083101,169,1300,False
PAP-H2,1666,26083101,170,1780,False
PAP-H2,1666,26083101,171,1510,False
PAP-H2,1666,26083101,172,1430,False
PAP-H2,1666,26083101,173,1610,False
PAP-H2,1666,26083101,174,1330,False
PAP-H2,1666,26083101,175,1940,False
PAP-H2,1666,26083101,176,1140,False
PAP-H2,1666,26083101,177,1190,False
PAP-H2,1666,26083101,178,100,False
PAP-H2,1666,26083101,179,800,False
PAP-H2,1666,26083101,180,870,False
PAP-H2,1666,26083101,181,1330,False
PAP-H2,1666,26083101,182,1460,False
PAP-H2,1666,26083101,183,1870,False
PAP-H2,1666,26083101,184,1020,False
PAP-H2,1666,26083101,185,1240,False
PAP-H2,1666,26083101,186,1630,False
PAP-H2,1666,26083101,187,980,False
PAP-H2,1666,26083101,188,1330,False
PAP-H2,1666,26083101,189,1680,False
PAP-H2,1666,26083101,190,1080,False
PAP-H2,1666,26083101,191,1010,False
PAP-H2,1666,26083102,0,2060,False
PAP-H2,1666,26083102,1,1510,False
PAP-H2,1666,26083102,2,1130,False
PAP-H2,1666,26083102,3,1270,False
PAP-H2,1666,26083102,4,2660,False
PAP-H2,1666,26083102,5,1330,False
PAP-H2,1666,26083102,6,1360,False
PAP-H2,1666,26083102,7,1510,False
PAP-H2,1666,26083102,8,1110,False
PAP-H2,1666,26083102,9,1400,False
PAP-H2,1666,26083102,10,1610,False
PAP-H2,1666,26083102,11,650,False
PAP-H2,1666,26083102,12,1130,False
PAP-H2,1666,26083102,13,1340,False
PAP-H2,1666,26083102,14,1340,False
PAP-H2,1666,26083102,15,1230,False
PAP-H2,1666,26083102,16,2010,False
PAP-H2,1666,26083102,17,1230,False
PAP-H2,1666,26083102,18,2030,False
PAP-H2,1666,26083102,19,1710,False
PAP-H2,1666,26083102,20,1610,False
PAP-H2,1666,26083102,21,1600,False
PAP-H2,1666,26083102,22,1820,False
PAP-H2,1666,26083102,23,2180,False
PAP-H2,1666,26083102,24,1380,False
PAP-H2,1666,26083102,25,2590,False
PAP-H2,1666,26083102,26,1360,False
PAP-H2,1666,26083102,27,1500,False
PAP-H2,1666,26083102,28,2140,False
PAP-H2,1666,26083102,29,1790,False
PAP-H2,1666,26083102,30,1880,False
PAP-H2,1666,26083102,31,1450,False
PAP-H2,1666,26083102,32,1680,False
PAP-H2,1666,26083102,33,1850,False
PAP-H2,1666,26083102,34,40,False
PAP-H2,1666,26083102,35,2050,False
PAP-H2,1666,26083102,36,1570,False
PAP-H2,1666,26083102,37,1550,False
PAP-H2,1666,26083102,38,960,False
PAP-H2,1666,26083102,39,1420,False
PAP-H2,1666,26083102,40,1720,False
PAP-H2,1666,26083102,41,1640,False
PAP-H2,1666,26083102,42,1030,False
PAP-H2,1666,26083102,43,1700,False
PAP-H2,1666,26083102,44,1240,False
PAP-H2,1666,26083102,45,1030,False
PAP-H2,1666,26083102,46,1310,False
PAP-H2,1666,26083102,47,1020,False
PAP-H2,1666,26083102,48,1590,False
PAP-H2,1666,26083102,49,1520,False
PAP-H2,1666,26083102,50,1980,False
PAP-H2,1666,26083102,51,1740,False
PAP-H2,1666,26083102,52,800,False
PAP-H2,1666,26083102,53,2130,False
PAP-H2,1666,26083102,54,1680,False
PAP-H2,1666,26083102,55,2640,False
PAP-H2,1666,26083102,56,1410,False
PAP-H2,1666,26083102,57,2680,False
PAP-H2,1666,26083102,58,940,False
PAP-H2,1666,26083102,59,1750,False
PAP-H2,1666,26083102,60,2360,False
PAP-H2,1666,26083102,61,1250,False
PAP-H2,1666,26083102,62,1960,False
PAP-H2,1666,26083102,63,770,False
PAP-H2,1666,26083102,64,1890,False
PAP-H2,1666,26083102,65,1230,False
PAP-H2,1666,26083102,66,2170,False
PAP-H2,1666,26083102,67,2180,False
PAP-H2,1666,26083102,68,2080,False
PAP-H2,1666,26083102,69,2420,False
PAP-H2,1666,26083102,70,910,False
PAP-H2,1666,26083102,71,2120,False
PAP-H2,1666,26083102,72,1780,False
PAP-H2,1666,26083102,73,1920,False
PAP-H2,1666,26083102,74,1040,False
PAP-H2,1666,26083102,75,1970,False
PAP-H2,1666,26083102,76,1510,False
PAP-H2,1666,26083102,77,1050,False
PAP-H2,1666,26083102,78,2890,False
PAP-H2,1666,26083102,79,2250,False
PAP-H2,1666,26083102,80,1820,False
PAP-H2,1666,26083102,81,1390,False
PAP-H2,1666,26083102,82,2480,False
PAP-H2,1666,26083102,83,2210,False
PAP-H2,1666,26083102,84,1330,False
PAP-H2,1666,26083102,85,1020,False
PAP-H2,1666,26083102,86,820,False
PAP-H2,1666,26083102,87,2770,False
PAP-H2,1666,26083102,88,1210,False
PAP-H2,1666,26083102,89,1190,False
PAP-H2,1666,26083102,90,1610,False
PAP-H2,1666,26083102,91,1930,False
PAP-H2,1666,26083102,92,2190,False
PAP-H2,1666,26083102,93,980,False
PAP-H2,1666,26083102,94,1290,False
PAP-H2,1666,26083102,95,1370,False
PAP-H2,1666,26083102,96,690,False
PAP-H2,1666,26083102,97,880,False
PAP-H2,1666,26083102,98,1970,False
PAP-H2,1666,26083102,99,780,False
PAP-H2,1666,26083102,100,1150,False
PAP-H2,1666,26083102,101,730,False
PAP-H2,1666,26083102,102,1010,False
PAP-H2,1666,26083102,103,1380,False
PAP-H2,1666,26083102,104,1540,False
PAP-H2,1666,26083102,105,2830,False
PAP-H2,1666,26083102,106,1590,False
PAP-H2,1666,26083102,107,1960,False
PAP-H2,1666,26083102,108,2590,False
PAP-H2,1666,26083102,109,1390,False
PAP-H2,1666,26083102,110,1730,False
PAP-H2,1666,26083102,111,1990,False
PAP-H2,1666,26083102,112,1320,False
PAP-H2,1666,26083102,113,1630,False
PAP-H2,1666,26083102,114,1970,False
PAP-H2,1666,26083102,115,1720,False
PAP-H2,1666,26083102,116,1340,False
PAP-H2,1666,26083102,117,1470,False
PAP-H2,1666,26083102,118,1830,False
PAP-H2,1666,26083102,119,2280,False
PAP-H2,1666,26083102,120,1650,False
PAP-H2,1666,26083102,121,1280,False
PAP-H2,1666,26083102,122,1600,False
PAP-H2,1666,26083102,123,1090,False
PAP-H2,1666,26083102,124,1170,False
PAP-H2,1666,26083102,125,1710,False
PAP-H2,1666,26083102,126,690,False
PAP-H2,1666,26083102,127,1790,False
PAP-H2,1666,26083102,128,810,False
PAP-H2,1666,26083102,129,1290,False
PAP-H2,1666,26083102,130,1550,False
PAP-H2,1666,26083102,131,760,False
PAP-H2,1666,26083102,132,1230,False
PAP-H2,1666,26083102,133,1460,False
PAP-H2,1666,26083102,134,1370,False
PAP-H2,1666,26083102,135,1010,False
PAP-H2,1666,26083102,136,1510,False
PAP-H2,1666,26083102,137,2420,False
PAP-H2,1666,26083102,138,1570,False
PAP-H2,1666,26083102,139,2440,False
PAP-H2,1666,26083102,140,1860,False
PAP-H2,1666,26083102,141,1070,False
PAP-H2,1666,26083102,142,1730,False
PAP-H2,1666,26083102,143,630,False
PAP-H2,1666,26083102,144,870,False
PAP-H2,1666,26083102,145,1040,False
PAP-H2,1666,26083102,146,2550,False
PAP-H2,1666,26083102,147,540,False
PAP-H2,1666,26083102,148,1190,False
PAP-H2,1666,26083102,149,1710,False
PAP-H2,1666,26083102,150,910,False
PAP-H2,1666,26083102,151,1260,False
PAP-H2,1666,26083102,152,980,False
PAP-H2,1666,26083102,153,1570,False
PAP-H2,1666,26083102,154,1180,False
PAP-H2,1666,26083102,155,1530,False
PAP-H2,1666,26083102,156,1290,False
PAP-H2,1666,26083102,157,1490,False
PAP-H2,1666,26083102,158,1850,False
PAP-H2,1666,26083102,159,1050,False
PAP-H2,1666,26083102,160,610,False
PAP-H2,1666,26083102,161,1200,False
PAP-H2,1666,26083102,162,750,False
PAP-H2,1666,26083102,163,1160,False
PAP-H2,1666,26083102,164,1690,False
PAP-H2,1666,26083102,165,880,False
PAP-H2,1666,26083102,166,1840,False
PAP-H2,1666,26083102,167,1380,False
PAP-H2,1666,26083102,168,450,False
PAP-H2,1666,26083102,169,1300,False
PAP-H2,1666,26083102,170,660,False
PAP-H2,1666,26083102,171,1350,False
PAP-H2,1666,26083102,172,1560,False
PAP-H2,1666,26083102,173,1230,False
PAP-H2,1666,26083102,174,1110,False
PAP-H2,1666,26083102,175,1170,False
PAP-H2,1666,26083102,176,1510,False
PAP-H2,1666,26083102,177,1360,False
PAP-H2,1666,26083102,178,1830,False
PAP-H2,1666,26083102,179,1280,False
PAP-H2,1666,26083102,180,1030,False
PAP-H2,1666,26083102,181,2260,False
PAP-H2,1666,26083102,182,1300,False
PAP-H2,1666,26083102,183,1790,False
PAP-H2,1666,26083102,184,1610,False
PAP-H2,1666,26083102,185,1820,False
PAP-H2,1666,26083102,186,1480,False
PAP-H2,1666,26083102,187,1900,False
PAP-H2,1666,26083102,188,1430,False
PAP-H2,1666,26083102,189,1310,False
PAP-H2,1666,26083102,190,2140,False
PAP-H2,1666,26083102,191,1410,False
PAP-H2,1666,26083103,0,1250,False
PAP-H2,1666,26083103,1,1660,False
PAP-H2,1666,26083103,2,1050,False
PAP-H2,1666,26083103,3,1640,False
PAP-H2,1666,26083103,4,1240,False
PAP-H2,1666,26083103,5,1390,False
PAP-H2,1666,26083103,6,1210,False
PAP-H2,1666,26083103,7,1020,False
PAP-H2,1666,26083103,8,2230,False
PAP-H2,1666,26083103,9,720,False
PAP-H2,1666,26083103,10,2040,False
PAP-H2,1666,26083103,11,2040,False
PAP-H2,1666,26083103,12,1620,False
PAP-H2,1666,26083103,13,1190,False
PAP-H2,1666,26083103,14,1430,False
PAP-H2,1666,26083103,15,2050,False
PAP-H2,1666,26083103,16,2550,False
PAP-H2,1666,26083103,17,1840,False
PAP-H2,1666,26083103,18,1940,False
PAP-H2,1666,26083103,19,1150,False
PAP-H2,1666,26083103,20,2490,False
PAP-H2,1666,26083103,21,1980,False
PAP-H2,1666,26083103,22,1650,False
PAP-H2,1666,26083103,23,1600,False
PAP-H2,1666,26083103,24,1770,False
PAP-H2,1666,26083103,25,1790,False
PAP-H2,1666,26083103,26,2260,False
PAP-H2,1666,26083103,27,1500,False
PAP-H2,1666,26083103,28,740,False
PAP-H2,1666,26083103,29,970,False
PAP-H2,1666,26083103,30,1150,False
PAP-H2,1666,26083103,31,2160,False
PAP-H2,1666,26083103,32,1810,False
PAP-H2,1666,26083103,33,170,False
PAP-H2,1666,26083103,34,870,False
PAP-H2,1666,26083103,35,910,False
PAP-H2,1666,26083103,36,1100,False
PAP-H2,1666,26083103,37,1820,False
PAP-H2,1666,26083103,38,1030,False
PAP-H2,1666,26083103,39,1500,False
PAP-H2,1666,26083103,40,1490,False
PAP-H2,1666,26083103,41,1730,False
PAP-H2,1666,26083103,42,1610,False
PAP-H2,1666,26083103,43,1550,False
PAP-H2,1666,26083103,44,1290,False
PAP-H2,1666,26083103,45,770,False
PAP-H2,1666,26083103,46,1600,False
PAP-H2,1666,26083103,47,2120,False
PAP-H2,1666,26083103,48,1090,False
PAP-H2,1666,26083103,49,1510,False
PAP-H2,1666,26083103,50,1590,False
PAP-H2,1666,26083103,51,1290,False
PAP-H2,1666,26083103,52,1340,False
PAP-H2,1666,26083103,53,1390,False
PAP-H2,1666,26083103,54,1380,False
PAP-H2,1666,26083103,55,1600,False
PAP-H2,1666,26083103,56,900,False
PAP-H2,1666,26083103,57,1740,False
PAP-H2,1666,26083103,58,2020,False
PAP-H2,1666,26083103,59,2010,False
PAP-H2,1666,26083103,60,1350,False
PAP-H2,1666,26083103,61,1560,False
PAP-H2,1666,26083103,62,1870,False
PAP-H2,1666,26083103,63,1940,False
PAP-H2,1666,26083103,64,100,False
PAP-H2,1666,26083103,65,640,False
PAP-H2,1666,26083103,66,40,False
PAP-H2,1666,26083103,67,880,False
PAP-H2,1666,26083103,68,660,False
PAP-H2,1666,26083103,69,1830,False
PAP-H2,1666,26083103,70,1100,False
PAP-H2,1666,26083103,71,1860,False
PAP-H2,1666,26083103,72,1450,False
PAP-H2,1666,26083103,73,1740,False
PAP-H2,1666,26083103,74,1170,False
PAP-H2,1666,26083103,75,1540,False
PAP-H2,1666,26083103,76,1830,False
PAP-H2,1666,26083103,77,1280,False
PAP-H2,1666,26083103,78,1850,False
PAP-H2,1666,26083103,79,1210,False
PAP-H2,1666,26083103,80,930,False
PAP-H2,1666,26083103,81,1370,False
PAP-H2,1666,26083103,82,1750,False
PAP-H2,1666,26083103,83,1340,False
PAP-H2,1666,26083103,84,1250,False
PAP-H2,1666,26083103,85,1160,False
PAP-H2,1666,26083103,86,1090,False
PAP-H2,1666,26083103,87,1490,False
PAP-H2,1666,26083103,88,1210,False
PAP-H2,1666,26083103,89,1630,False
PAP-H2,1666,26083103,90,1200,False
PAP-H2,1666,26083103,91,1460,False
PAP-H2,1666,26083103,92,2120,False
PAP-H2,1666,26083103,93,1940,False
PAP-H2,1666,26083103,94,1510,False
PAP-H2,1666,26083103,95,1650,False
PAP-H2,1666,26083103,96,1390,False
PAP-H2,1666,26083103,97,1670,False
PAP-H2,1666,26083103,98,1360,False
PAP-H2,1666,26083103,99,1100,False
PAP-H2,1666,26083103,100,1100,False
PAP-H2,1666,26083103,101,940,False
PAP-H2,1666,26083103,102,2420,False
PAP-H2,1666,26083103,103,1390,False
PAP-H2,1666,26083103,104,2090,False
PAP-H2,1666,26083103,105,2070,False
PAP-H2,1666,26083103,106,2660,False
PAP-H2,1666,26083103,107,1710,False
PAP-H2,1666,26083103,108,840,False
PAP-H2,1666,26083103,109,2560,False
PAP-H2,1666,26083103,110,1980,False
PAP-H2,1666,26083103,111,2340,False
PAP-H2,1666,26083103,112,680,False
PAP-H2,1666,26083103,113,1950,False
PAP-H2,1666,26083103,114,1350,False
PAP-H2,1666,26083103,115,1320,False
PAP-H2,1666,26083103,116,1850,False
PAP-H2,1666,26083103,117,200,False
PAP-H2,1666,26083103,118,1840,False
PAP-H2,1666,26083103,119,680,False
PAP-H2,1666,26083103,120,1450,False
PAP-H2,1666,26083103,121,1570,False
PAP-H2,1666,26083103,122,770,False
PAP-H2,1666,26083103,123,1200,False
PAP-H2,1666,26083103,124,1200,False
PAP-H2,1666,26083103,125,1920,False
PAP-H2,1666,26083103,126,1310,False
PAP-H2,1666,26083103,127,1380,False
PAP-H2,1666,26083103,128,950,False
PAP-H2,1666,26083103,129,870,False
PAP-H2,1666,26083103,130,1390,False
PAP-H2,1666,26083103,131,1170,False
PAP-H2,1666,26083103,132,650,False
PAP-H2,1666,26083103,133,1470,False
PAP-H2,1666,26083103,134,720,False
PAP-H2,1666,26083103,135,580,False
PAP-H2,1666,26083103,136,2110,False
PAP-H2,1666,26083103,137,1740,False
PAP-H2,1666,26083103,138,1540,False
PAP-H2,1666,26083103,139,1790,False
PAP-H2,1666,26083103,140,2120,False
PAP-H2,1666,26083103,141,2990,False
PAP-H2,1666,26083103,142,1640,False
PAP-H2,1666,26083103,143,1610,False
PAP-H2,1666,26083103,144,60,False
PAP-H2,1666,26083103,145,1280,False
PAP-H2,1666,26083103,146,1400,False
PAP-H2,1666,26083103,147,1480,False
PAP-H2,1666,26083103,148,1840,False
PAP-H2,1666,26083103,149,70,False
PAP-H2,1666,26083103,150,1990,False
PAP-H2,1666,26083103,151,1610,False
PAP-H2,1666,26083103,152,1730,False
PAP-H2,1666,26083103,153,830,False
PAP-H2,1666,26083103,154,1610,False
PAP-H2,1666,26083103,155,1030,False
PAP-H2,1666,26083103,156,1850,False
PAP-H2,1666,26083103,157,1830,False
PAP-H2,1666,26083103,158,1440,False
PAP-H2,1666,26083103,159,2070,False
PAP-H2,1666,26083103,160,2260,False
PAP-H2,1666,26083103,161,2590,False
PAP-H2,1666,26083103,162,1720,False
PAP-H2,1666,26083103,163,2120,False
PAP-H2,1666,26083103,164,3010,False
PAP-H2,1666,26083103,165,1640,False
PAP-H2,1666,26083103,166,1160,False
PAP-H2,1666,26083103,167,1400,False
PAP-H2,1666,26083103,168,2100,False
PAP-H2,1666,26083103,169,1750,False
PAP-H2,1666,26083103,170,2510,False
PAP-H2,1666,26083103,171,1530,False
PAP-H2,1666,26083103,172,1900,False
PAP-H2,1666,26083103,173,1220,False
PAP-H2,1666,26083103,174,1740,False
PAP-H2,1666,26083103,175,1870,False
PAP-H2,1666,26083103,176,440,False
PAP-H2,1666,26083103,177,1820,False
PAP-H2,1666,26083103,178,1480,False
PAP-H2,1666,26083103,179,1680,False
PAP-H2,1666,26083103,180,1640,False
PAP-H2,1666,26083103,181,820,False
PAP-H2,1666,26083103,182,1440,False
PAP-H2,1666,26083103,183,30,False
PAP-H2,1666,26083103,184,390,False
PAP-H2,1666,26083103,185,1120,False
PAP-H2,1666,26083103,186,1820,False
PAP-H2,1666,26083103,187,1340,False
PAP-H2,1666,26083103,188,1350,False
PAP-H2,1666,26083103,189,1700,False
PAP-H2,1666,26083103,190,500,False
PAP-H2,1666,26083103,191,2180,False
